CREATE TABLE dim_listings_extended (
    listing_creation_ds DATE,
    listing_id VARCHAR
);

INSERT INTO dim_listings_extended VALUES
    ('2020-01-01', '0'),
    ('2020-01-02', '1'),
    ('2020-01-03', '2'),
    ('2020-01-04', '3'),
    ('2020-01-05', '4'),
    ('2020-01-06', '5'),
    ('2020-01-07', '6'),
    ('2020-01-08', '7'),
    ('2020-01-09', '8'),
    ('2020-01-10', '9'),
    ('2020-01-11', '0'),
    ('2020-01-12', '1'),
    ('2020-01-13', '2'),
    ('2020-01-14', '3'),
    ('2020-01-15', '4'),
    ('2020-01-16', '5'),
    ('2020-01-17', '6'),
    ('2020-01-18', '7'),
    ('2020-01-19', '8'),
    ('2020-01-20', '9'),
    ('2020-01-21', '0'),
    ('2020-01-22', '1'),
    ('2020-01-23', '2'),
    ('2020-01-24', '3'),
    ('2020-01-25', '4'),
    ('2020-01-26', '5'),
    ('2020-01-27', '6'),
    ('2020-01-28', '7'),
    ('2020-01-29', '8'),
    ('2020-01-30', '9'),
    ('2020-01-31', '0'),
    ('2020-02-01', '1'),
    ('2020-02-02', '2'),
    ('2020-02-03', '3'),
    ('2020-02-04', '4'),
    ('2020-02-05', '5'),
    ('2020-02-06', '6'),
    ('2020-02-07', '7'),
    ('2020-02-08', '8'),
    ('2020-02-09', '9'),
    ('2020-02-10', '0'),
    ('2020-02-11', '1'),
    ('2020-02-12', '2'),
    ('2020-02-13', '3'),
    ('2020-02-14', '4'),
    ('2020-02-15', '5'),
    ('2020-02-16', '6'),
    ('2020-02-17', '7'),
    ('2020-02-18', '8'),
    ('2020-02-19', '9');

INSERT INTO dim_listings_extended VALUES
    ('2020-02-20', '0'),
    ('2020-02-21', '1'),
    ('2020-02-22', '2'),
    ('2020-02-23', '3'),
    ('2020-02-24', '4'),
    ('2020-02-25', '5'),
    ('2020-02-26', '6'),
    ('2020-02-27', '7'),
    ('2020-02-28', '8'),
    ('2020-02-29', '9'),
    ('2020-03-01', '0'),
    ('2020-03-02', '1'),
    ('2020-03-03', '2'),
    ('2020-03-04', '3'),
    ('2020-03-05', '4'),
    ('2020-03-06', '5'),
    ('2020-03-07', '6'),
    ('2020-03-08', '7'),
    ('2020-03-09', '8'),
    ('2020-03-10', '9'),
    ('2020-03-11', '0'),
    ('2020-03-12', '1'),
    ('2020-03-13', '2'),
    ('2020-03-14', '3'),
    ('2020-03-15', '4'),
    ('2020-03-16', '5'),
    ('2020-03-17', '6'),
    ('2020-03-18', '7'),
    ('2020-03-19', '8'),
    ('2020-03-20', '9'),
    ('2020-03-21', '0'),
    ('2020-03-22', '1'),
    ('2020-03-23', '2'),
    ('2020-03-24', '3'),
    ('2020-03-25', '4'),
    ('2020-03-26', '5'),
    ('2020-03-27', '6'),
    ('2020-03-28', '7'),
    ('2020-03-29', '8'),
    ('2020-03-30', '9'),
    ('2020-03-31', '0'),
    ('2020-04-01', '1'),
    ('2020-04-02', '2'),
    ('2020-04-03', '3'),
    ('2020-04-04', '4'),
    ('2020-04-05', '5'),
    ('2020-04-06', '6'),
    ('2020-04-07', '7'),
    ('2020-04-08', '8'),
    ('2020-04-09', '9');

INSERT INTO dim_listings_extended VALUES
    ('2020-04-10', '0'),
    ('2020-04-11', '1'),
    ('2020-04-12', '2'),
    ('2020-04-13', '3'),
    ('2020-04-14', '4'),
    ('2020-04-15', '5'),
    ('2020-04-16', '6'),
    ('2020-04-17', '7'),
    ('2020-04-18', '8'),
    ('2020-04-19', '9'),
    ('2020-04-20', '0'),
    ('2020-04-21', '1'),
    ('2020-04-22', '2'),
    ('2020-04-23', '3'),
    ('2020-04-24', '4'),
    ('2020-04-25', '5'),
    ('2020-04-26', '6'),
    ('2020-04-27', '7'),
    ('2020-04-28', '8'),
    ('2020-04-29', '9'),
    ('2020-04-30', '0'),
    ('2020-05-01', '1'),
    ('2020-05-02', '2'),
    ('2020-05-03', '3'),
    ('2020-05-04', '4'),
    ('2020-05-05', '5'),
    ('2020-05-06', '6'),
    ('2020-05-07', '7'),
    ('2020-05-08', '8'),
    ('2020-05-09', '9'),
    ('2020-05-10', '0'),
    ('2020-05-11', '1'),
    ('2020-05-12', '2'),
    ('2020-05-13', '3'),
    ('2020-05-14', '4'),
    ('2020-05-15', '5'),
    ('2020-05-16', '6'),
    ('2020-05-17', '7'),
    ('2020-05-18', '8'),
    ('2020-05-19', '9'),
    ('2020-05-20', '0'),
    ('2020-05-21', '1'),
    ('2020-05-22', '2'),
    ('2020-05-23', '3'),
    ('2020-05-24', '4'),
    ('2020-05-25', '5'),
    ('2020-05-26', '6'),
    ('2020-05-27', '7'),
    ('2020-05-28', '8'),
    ('2020-05-29', '9');

INSERT INTO dim_listings_extended VALUES
    ('2020-05-30', '0'),
    ('2020-05-31', '1'),
    ('2020-06-01', '2'),
    ('2020-06-02', '3'),
    ('2020-06-03', '4'),
    ('2020-06-04', '5'),
    ('2020-06-05', '6'),
    ('2020-06-06', '7'),
    ('2020-06-07', '8'),
    ('2020-06-08', '9'),
    ('2020-06-09', '0'),
    ('2020-06-10', '1'),
    ('2020-06-11', '2'),
    ('2020-06-12', '3'),
    ('2020-06-13', '4'),
    ('2020-06-14', '5'),
    ('2020-06-15', '6'),
    ('2020-06-16', '7'),
    ('2020-06-17', '8'),
    ('2020-06-18', '9'),
    ('2020-06-19', '0'),
    ('2020-06-20', '1'),
    ('2020-06-21', '2'),
    ('2020-06-22', '3'),
    ('2020-06-23', '4'),
    ('2020-06-24', '5'),
    ('2020-06-25', '6'),
    ('2020-06-26', '7'),
    ('2020-06-27', '8'),
    ('2020-06-28', '9'),
    ('2020-06-29', '0'),
    ('2020-06-30', '1'),
    ('2020-07-01', '2'),
    ('2020-07-02', '3'),
    ('2020-07-03', '4'),
    ('2020-07-04', '5'),
    ('2020-07-05', '6'),
    ('2020-07-06', '7'),
    ('2020-07-07', '8'),
    ('2020-07-08', '9'),
    ('2020-07-09', '0'),
    ('2020-07-10', '1'),
    ('2020-07-11', '2'),
    ('2020-07-12', '3'),
    ('2020-07-13', '4'),
    ('2020-07-14', '5'),
    ('2020-07-15', '6'),
    ('2020-07-16', '7'),
    ('2020-07-17', '8'),
    ('2020-07-18', '9');

INSERT INTO dim_listings_extended VALUES
    ('2020-07-19', '0'),
    ('2020-07-20', '1'),
    ('2020-07-21', '2'),
    ('2020-07-22', '3'),
    ('2020-07-23', '4'),
    ('2020-07-24', '5'),
    ('2020-07-25', '6'),
    ('2020-07-26', '7'),
    ('2020-07-27', '8'),
    ('2020-07-28', '9'),
    ('2020-07-29', '0'),
    ('2020-07-30', '1'),
    ('2020-07-31', '2'),
    ('2020-08-01', '3'),
    ('2020-08-02', '4'),
    ('2020-08-03', '5'),
    ('2020-08-04', '6'),
    ('2020-08-05', '7'),
    ('2020-08-06', '8'),
    ('2020-08-07', '9'),
    ('2020-08-08', '0'),
    ('2020-08-09', '1'),
    ('2020-08-10', '2'),
    ('2020-08-11', '3'),
    ('2020-08-12', '4'),
    ('2020-08-13', '5'),
    ('2020-08-14', '6'),
    ('2020-08-15', '7'),
    ('2020-08-16', '8'),
    ('2020-08-17', '9'),
    ('2020-08-18', '0'),
    ('2020-08-19', '1'),
    ('2020-08-20', '2'),
    ('2020-08-21', '3'),
    ('2020-08-22', '4'),
    ('2020-08-23', '5'),
    ('2020-08-24', '6'),
    ('2020-08-25', '7'),
    ('2020-08-26', '8'),
    ('2020-08-27', '9'),
    ('2020-08-28', '0'),
    ('2020-08-29', '1'),
    ('2020-08-30', '2'),
    ('2020-08-31', '3'),
    ('2020-09-01', '4'),
    ('2020-09-02', '5'),
    ('2020-09-03', '6'),
    ('2020-09-04', '7'),
    ('2020-09-05', '8'),
    ('2020-09-06', '9');

INSERT INTO dim_listings_extended VALUES
    ('2020-09-07', '0'),
    ('2020-09-08', '1'),
    ('2020-09-09', '2'),
    ('2020-09-10', '3'),
    ('2020-09-11', '4'),
    ('2020-09-12', '5'),
    ('2020-09-13', '6'),
    ('2020-09-14', '7'),
    ('2020-09-15', '8'),
    ('2020-09-16', '9'),
    ('2020-09-17', '0'),
    ('2020-09-18', '1'),
    ('2020-09-19', '2'),
    ('2020-09-20', '3'),
    ('2020-09-21', '4'),
    ('2020-09-22', '5'),
    ('2020-09-23', '6'),
    ('2020-09-24', '7'),
    ('2020-09-25', '8'),
    ('2020-09-26', '9'),
    ('2020-09-27', '0'),
    ('2020-09-28', '1'),
    ('2020-09-29', '2'),
    ('2020-09-30', '3'),
    ('2020-10-01', '4'),
    ('2020-10-02', '5'),
    ('2020-10-03', '6'),
    ('2020-10-04', '7'),
    ('2020-10-05', '8'),
    ('2020-10-06', '9'),
    ('2020-10-07', '0'),
    ('2020-10-08', '1'),
    ('2020-10-09', '2'),
    ('2020-10-10', '3'),
    ('2020-10-11', '4'),
    ('2020-10-12', '5'),
    ('2020-10-13', '6'),
    ('2020-10-14', '7'),
    ('2020-10-15', '8'),
    ('2020-10-16', '9'),
    ('2020-10-17', '0'),
    ('2020-10-18', '1'),
    ('2020-10-19', '2'),
    ('2020-10-20', '3'),
    ('2020-10-21', '4'),
    ('2020-10-22', '5'),
    ('2020-10-23', '6'),
    ('2020-10-24', '7'),
    ('2020-10-25', '8'),
    ('2020-10-26', '9');

INSERT INTO dim_listings_extended VALUES
    ('2020-10-27', '0'),
    ('2020-10-28', '1'),
    ('2020-10-29', '2'),
    ('2020-10-30', '3'),
    ('2020-10-31', '4'),
    ('2020-11-01', '5'),
    ('2020-11-02', '6'),
    ('2020-11-03', '7'),
    ('2020-11-04', '8'),
    ('2020-11-05', '9'),
    ('2020-11-06', '0'),
    ('2020-11-07', '1'),
    ('2020-11-08', '2'),
    ('2020-11-09', '3'),
    ('2020-11-10', '4'),
    ('2020-11-11', '5'),
    ('2020-11-12', '6'),
    ('2020-11-13', '7'),
    ('2020-11-14', '8'),
    ('2020-11-15', '9'),
    ('2020-11-16', '0'),
    ('2020-11-17', '1'),
    ('2020-11-18', '2'),
    ('2020-11-19', '3'),
    ('2020-11-20', '4'),
    ('2020-11-21', '5'),
    ('2020-11-22', '6'),
    ('2020-11-23', '7'),
    ('2020-11-24', '8'),
    ('2020-11-25', '9'),
    ('2020-11-26', '0'),
    ('2020-11-27', '1'),
    ('2020-11-28', '2'),
    ('2020-11-29', '3'),
    ('2020-11-30', '4'),
    ('2020-12-01', '5'),
    ('2020-12-02', '6'),
    ('2020-12-03', '7'),
    ('2020-12-04', '8'),
    ('2020-12-05', '9'),
    ('2020-12-06', '0'),
    ('2020-12-07', '1'),
    ('2020-12-08', '2'),
    ('2020-12-09', '3'),
    ('2020-12-10', '4'),
    ('2020-12-11', '5'),
    ('2020-12-12', '6'),
    ('2020-12-13', '7'),
    ('2020-12-14', '8'),
    ('2020-12-15', '9');

INSERT INTO dim_listings_extended VALUES
    ('2020-12-16', '0'),
    ('2020-12-17', '1'),
    ('2020-12-18', '2'),
    ('2020-12-19', '3'),
    ('2020-12-20', '4'),
    ('2020-12-21', '5'),
    ('2020-12-22', '6'),
    ('2020-12-23', '7'),
    ('2020-12-24', '8'),
    ('2020-12-25', '9'),
    ('2020-12-26', '0'),
    ('2020-12-27', '1'),
    ('2020-12-28', '2'),
    ('2020-12-29', '3'),
    ('2020-12-30', '4'),
    ('2020-12-31', '5');

CREATE TABLE fct_bookings_extended (
    ds DATE,
    booking_id INTEGER,
    booking INTEGER,
    listing_id VARCHAR,
    is_instant BOOLEAN
);

INSERT INTO fct_bookings_extended VALUES
    ('2020-01-01', 0, 1, '0', true),
    ('2020-01-02', 1, 1, '1', false),
    ('2020-01-03', 2, 1, '2', true),
    ('2020-01-04', 3, 1, '3', false),
    ('2020-01-05', 4, 1, '4', true),
    ('2020-01-06', 5, 1, '5', false),
    ('2020-01-07', 6, 1, '6', true),
    ('2020-01-08', 7, 1, '7', false),
    ('2020-01-09', 8, 1, '8', true),
    ('2020-01-10', 9, 1, '9', false),
    ('2020-01-11', 10, 1, '0', true),
    ('2020-01-12', 11, 1, '1', false),
    ('2020-01-13', 12, 1, '2', true),
    ('2020-01-14', 13, 1, '3', false),
    ('2020-01-15', 14, 1, '4', true),
    ('2020-01-16', 15, 1, '5', false),
    ('2020-01-17', 16, 1, '6', true),
    ('2020-01-18', 17, 1, '7', false),
    ('2020-01-19', 18, 1, '8', true),
    ('2020-01-20', 19, 1, '9', false),
    ('2020-01-21', 20, 1, '0', true),
    ('2020-01-22', 21, 1, '1', false),
    ('2020-01-23', 22, 1, '2', true),
    ('2020-01-24', 23, 1, '3', false),
    ('2020-01-25', 24, 1, '4', true),
    ('2020-01-26', 25, 1, '5', false),
    ('2020-01-27', 26, 1, '6', true),
    ('2020-01-28', 27, 1, '7', false),
    ('2020-01-29', 28, 1, '8', true),
    ('2020-01-30', 29, 1, '9', false),
    ('2020-01-31', 30, 1, '0', true),
    ('2020-02-01', 31, 1, '1', false),
    ('2020-02-02', 32, 1, '2', true),
    ('2020-02-03', 33, 1, '3', false),
    ('2020-02-04', 34, 1, '4', true),
    ('2020-02-05', 35, 1, '5', false),
    ('2020-02-06', 36, 1, '6', true),
    ('2020-02-07', 37, 1, '7', false),
    ('2020-02-08', 38, 1, '8', true),
    ('2020-02-09', 39, 1, '9', false),
    ('2020-02-10', 40, 1, '0', true),
    ('2020-02-11', 41, 1, '1', false),
    ('2020-02-12', 42, 1, '2', true),
    ('2020-02-13', 43, 1, '3', false),
    ('2020-02-14', 44, 1, '4', true),
    ('2020-02-15', 45, 1, '5', false),
    ('2020-02-16', 46, 1, '6', true),
    ('2020-02-17', 47, 1, '7', false),
    ('2020-02-18', 48, 1, '8', true),
    ('2020-02-19', 49, 1, '9', false);

INSERT INTO fct_bookings_extended VALUES
    ('2020-02-20', 50, 1, '0', true),
    ('2020-02-21', 51, 1, '1', false),
    ('2020-02-22', 52, 1, '2', true),
    ('2020-02-23', 53, 1, '3', false),
    ('2020-02-24', 54, 1, '4', true),
    ('2020-02-25', 55, 1, '5', false),
    ('2020-02-26', 56, 1, '6', true),
    ('2020-02-27', 57, 1, '7', false),
    ('2020-02-28', 58, 1, '8', true),
    ('2020-02-29', 59, 1, '9', false),
    ('2020-03-01', 60, 1, '0', true),
    ('2020-03-02', 61, 1, '1', false),
    ('2020-03-03', 62, 1, '2', true),
    ('2020-03-04', 63, 1, '3', false),
    ('2020-03-05', 64, 1, '4', true),
    ('2020-03-06', 65, 1, '5', false),
    ('2020-03-07', 66, 1, '6', true),
    ('2020-03-08', 67, 1, '7', false),
    ('2020-03-09', 68, 1, '8', true),
    ('2020-03-10', 69, 1, '9', false),
    ('2020-03-11', 70, 1, '0', true),
    ('2020-03-12', 71, 1, '1', false),
    ('2020-03-13', 72, 1, '2', true),
    ('2020-03-14', 73, 1, '3', false),
    ('2020-03-15', 74, 1, '4', true),
    ('2020-03-16', 75, 1, '5', false),
    ('2020-03-17', 76, 1, '6', true),
    ('2020-03-18', 77, 1, '7', false),
    ('2020-03-19', 78, 1, '8', true),
    ('2020-03-20', 79, 1, '9', false),
    ('2020-03-21', 80, 1, '0', true),
    ('2020-03-22', 81, 1, '1', false),
    ('2020-03-23', 82, 1, '2', true),
    ('2020-03-24', 83, 1, '3', false),
    ('2020-03-25', 84, 1, '4', true),
    ('2020-03-26', 85, 1, '5', false),
    ('2020-03-27', 86, 1, '6', true),
    ('2020-03-28', 87, 1, '7', false),
    ('2020-03-29', 88, 1, '8', true),
    ('2020-03-30', 89, 1, '9', false),
    ('2020-03-31', 90, 1, '0', true),
    ('2020-04-01', 91, 1, '1', false),
    ('2020-04-02', 92, 1, '2', true),
    ('2020-04-03', 93, 1, '3', false),
    ('2020-04-04', 94, 1, '4', true),
    ('2020-04-05', 95, 1, '5', false),
    ('2020-04-06', 96, 1, '6', true),
    ('2020-04-07', 97, 1, '7', false),
    ('2020-04-08', 98, 1, '8', true),
    ('2020-04-09', 99, 1, '9', false);

INSERT INTO fct_bookings_extended VALUES
    ('2020-04-10', 100, 1, '0', true),
    ('2020-04-11', 101, 1, '1', false),
    ('2020-04-12', 102, 1, '2', true),
    ('2020-04-13', 103, 1, '3', false),
    ('2020-04-14', 104, 1, '4', true),
    ('2020-04-15', 105, 1, '5', false),
    ('2020-04-16', 106, 1, '6', true),
    ('2020-04-17', 107, 1, '7', false),
    ('2020-04-18', 108, 1, '8', true),
    ('2020-04-19', 109, 1, '9', false),
    ('2020-04-20', 110, 1, '0', true),
    ('2020-04-21', 111, 1, '1', false),
    ('2020-04-22', 112, 1, '2', true),
    ('2020-04-23', 113, 1, '3', false),
    ('2020-04-24', 114, 1, '4', true),
    ('2020-04-25', 115, 1, '5', false),
    ('2020-04-26', 116, 1, '6', true),
    ('2020-04-27', 117, 1, '7', false),
    ('2020-04-28', 118, 1, '8', true),
    ('2020-04-29', 119, 1, '9', false),
    ('2020-04-30', 120, 1, '0', true),
    ('2020-05-01', 121, 1, '1', false),
    ('2020-05-02', 122, 1, '2', true),
    ('2020-05-03', 123, 1, '3', false),
    ('2020-05-04', 124, 1, '4', true),
    ('2020-05-05', 125, 1, '5', false),
    ('2020-05-06', 126, 1, '6', true),
    ('2020-05-07', 127, 1, '7', false),
    ('2020-05-08', 128, 1, '8', true),
    ('2020-05-09', 129, 1, '9', false),
    ('2020-05-10', 130, 1, '0', true),
    ('2020-05-11', 131, 1, '1', false),
    ('2020-05-12', 132, 1, '2', true),
    ('2020-05-13', 133, 1, '3', false),
    ('2020-05-14', 134, 1, '4', true),
    ('2020-05-15', 135, 1, '5', false),
    ('2020-05-16', 136, 1, '6', true),
    ('2020-05-17', 137, 1, '7', false),
    ('2020-05-18', 138, 1, '8', true),
    ('2020-05-19', 139, 1, '9', false),
    ('2020-05-20', 140, 1, '0', true),
    ('2020-05-21', 141, 1, '1', false),
    ('2020-05-22', 142, 1, '2', true),
    ('2020-05-23', 143, 1, '3', false),
    ('2020-05-24', 144, 1, '4', true),
    ('2020-05-25', 145, 1, '5', false),
    ('2020-05-26', 146, 1, '6', true),
    ('2020-05-27', 147, 1, '7', false),
    ('2020-05-28', 148, 1, '8', true),
    ('2020-05-29', 149, 1, '9', false);

INSERT INTO fct_bookings_extended VALUES
    ('2020-05-30', 150, 1, '0', true),
    ('2020-05-31', 151, 1, '1', false),
    ('2020-06-01', 152, 1, '2', true),
    ('2020-06-02', 153, 1, '3', false),
    ('2020-06-03', 154, 1, '4', true),
    ('2020-06-04', 155, 1, '5', false),
    ('2020-06-05', 156, 1, '6', true),
    ('2020-06-06', 157, 1, '7', false),
    ('2020-06-07', 158, 1, '8', true),
    ('2020-06-08', 159, 1, '9', false),
    ('2020-06-09', 160, 1, '0', true),
    ('2020-06-10', 161, 1, '1', false),
    ('2020-06-11', 162, 1, '2', true),
    ('2020-06-12', 163, 1, '3', false),
    ('2020-06-13', 164, 1, '4', true),
    ('2020-06-14', 165, 1, '5', false),
    ('2020-06-15', 166, 1, '6', true),
    ('2020-06-16', 167, 1, '7', false),
    ('2020-06-17', 168, 1, '8', true),
    ('2020-06-18', 169, 1, '9', false),
    ('2020-06-19', 170, 1, '0', true),
    ('2020-06-20', 171, 1, '1', false),
    ('2020-06-21', 172, 1, '2', true),
    ('2020-06-22', 173, 1, '3', false),
    ('2020-06-23', 174, 1, '4', true),
    ('2020-06-24', 175, 1, '5', false),
    ('2020-06-25', 176, 1, '6', true),
    ('2020-06-26', 177, 1, '7', false),
    ('2020-06-27', 178, 1, '8', true),
    ('2020-06-28', 179, 1, '9', false),
    ('2020-06-29', 180, 1, '0', true),
    ('2020-06-30', 181, 1, '1', false),
    ('2020-07-01', 182, 1, '2', true),
    ('2020-07-02', 183, 1, '3', false),
    ('2020-07-03', 184, 1, '4', true),
    ('2020-07-04', 185, 1, '5', false),
    ('2020-07-05', 186, 1, '6', true),
    ('2020-07-06', 187, 1, '7', false),
    ('2020-07-07', 188, 1, '8', true),
    ('2020-07-08', 189, 1, '9', false),
    ('2020-07-09', 190, 1, '0', true),
    ('2020-07-10', 191, 1, '1', false),
    ('2020-07-11', 192, 1, '2', true),
    ('2020-07-12', 193, 1, '3', false),
    ('2020-07-13', 194, 1, '4', true),
    ('2020-07-14', 195, 1, '5', false),
    ('2020-07-15', 196, 1, '6', true),
    ('2020-07-16', 197, 1, '7', false),
    ('2020-07-17', 198, 1, '8', true),
    ('2020-07-18', 199, 1, '9', false);

INSERT INTO fct_bookings_extended VALUES
    ('2020-07-19', 200, 1, '0', true),
    ('2020-07-20', 201, 1, '1', false),
    ('2020-07-21', 202, 1, '2', true),
    ('2020-07-22', 203, 1, '3', false),
    ('2020-07-23', 204, 1, '4', true),
    ('2020-07-24', 205, 1, '5', false),
    ('2020-07-25', 206, 1, '6', true),
    ('2020-07-26', 207, 1, '7', false),
    ('2020-07-27', 208, 1, '8', true),
    ('2020-07-28', 209, 1, '9', false),
    ('2020-07-29', 210, 1, '0', true),
    ('2020-07-30', 211, 1, '1', false),
    ('2020-07-31', 212, 1, '2', true),
    ('2020-08-01', 213, 1, '3', false),
    ('2020-08-02', 214, 1, '4', true),
    ('2020-08-03', 215, 1, '5', false),
    ('2020-08-04', 216, 1, '6', true),
    ('2020-08-05', 217, 1, '7', false),
    ('2020-08-06', 218, 1, '8', true),
    ('2020-08-07', 219, 1, '9', false),
    ('2020-08-08', 220, 1, '0', true),
    ('2020-08-09', 221, 1, '1', false),
    ('2020-08-10', 222, 1, '2', true),
    ('2020-08-11', 223, 1, '3', false),
    ('2020-08-12', 224, 1, '4', true),
    ('2020-08-13', 225, 1, '5', false),
    ('2020-08-14', 226, 1, '6', true),
    ('2020-08-15', 227, 1, '7', false),
    ('2020-08-16', 228, 1, '8', true),
    ('2020-08-17', 229, 1, '9', false),
    ('2020-08-18', 230, 1, '0', true),
    ('2020-08-19', 231, 1, '1', false),
    ('2020-08-20', 232, 1, '2', true),
    ('2020-08-21', 233, 1, '3', false),
    ('2020-08-22', 234, 1, '4', true),
    ('2020-08-23', 235, 1, '5', false),
    ('2020-08-24', 236, 1, '6', true),
    ('2020-08-25', 237, 1, '7', false),
    ('2020-08-26', 238, 1, '8', true),
    ('2020-08-27', 239, 1, '9', false),
    ('2020-08-28', 240, 1, '0', true),
    ('2020-08-29', 241, 1, '1', false),
    ('2020-08-30', 242, 1, '2', true),
    ('2020-08-31', 243, 1, '3', false),
    ('2020-09-01', 244, 1, '4', true),
    ('2020-09-02', 245, 1, '5', false),
    ('2020-09-03', 246, 1, '6', true),
    ('2020-09-04', 247, 1, '7', false),
    ('2020-09-05', 248, 1, '8', true),
    ('2020-09-06', 249, 1, '9', false);

INSERT INTO fct_bookings_extended VALUES
    ('2020-09-07', 250, 1, '0', true),
    ('2020-09-08', 251, 1, '1', false),
    ('2020-09-09', 252, 1, '2', true),
    ('2020-09-10', 253, 1, '3', false),
    ('2020-09-11', 254, 1, '4', true),
    ('2020-09-12', 255, 1, '5', false),
    ('2020-09-13', 256, 1, '6', true),
    ('2020-09-14', 257, 1, '7', false),
    ('2020-09-15', 258, 1, '8', true),
    ('2020-09-16', 259, 1, '9', false),
    ('2020-09-17', 260, 1, '0', true),
    ('2020-09-18', 261, 1, '1', false),
    ('2020-09-19', 262, 1, '2', true),
    ('2020-09-20', 263, 1, '3', false),
    ('2020-09-21', 264, 1, '4', true),
    ('2020-09-22', 265, 1, '5', false),
    ('2020-09-23', 266, 1, '6', true),
    ('2020-09-24', 267, 1, '7', false),
    ('2020-09-25', 268, 1, '8', true),
    ('2020-09-26', 269, 1, '9', false),
    ('2020-09-27', 270, 1, '0', true),
    ('2020-09-28', 271, 1, '1', false),
    ('2020-09-29', 272, 1, '2', true),
    ('2020-09-30', 273, 1, '3', false),
    ('2020-10-01', 274, 1, '4', true),
    ('2020-10-02', 275, 1, '5', false),
    ('2020-10-03', 276, 1, '6', true),
    ('2020-10-04', 277, 1, '7', false),
    ('2020-10-05', 278, 1, '8', true),
    ('2020-10-06', 279, 1, '9', false),
    ('2020-10-07', 280, 1, '0', true),
    ('2020-10-08', 281, 1, '1', false),
    ('2020-10-09', 282, 1, '2', true),
    ('2020-10-10', 283, 1, '3', false),
    ('2020-10-11', 284, 1, '4', true),
    ('2020-10-12', 285, 1, '5', false),
    ('2020-10-13', 286, 1, '6', true),
    ('2020-10-14', 287, 1, '7', false),
    ('2020-10-15', 288, 1, '8', true),
    ('2020-10-16', 289, 1, '9', false),
    ('2020-10-17', 290, 1, '0', true),
    ('2020-10-18', 291, 1, '1', false),
    ('2020-10-19', 292, 1, '2', true),
    ('2020-10-20', 293, 1, '3', false),
    ('2020-10-21', 294, 1, '4', true),
    ('2020-10-22', 295, 1, '5', false),
    ('2020-10-23', 296, 1, '6', true),
    ('2020-10-24', 297, 1, '7', false),
    ('2020-10-25', 298, 1, '8', true),
    ('2020-10-26', 299, 1, '9', false);

INSERT INTO fct_bookings_extended VALUES
    ('2020-10-27', 300, 1, '0', true),
    ('2020-10-28', 301, 1, '1', false),
    ('2020-10-29', 302, 1, '2', true),
    ('2020-10-30', 303, 1, '3', false),
    ('2020-10-31', 304, 1, '4', true),
    ('2020-11-01', 305, 1, '5', false),
    ('2020-11-02', 306, 1, '6', true),
    ('2020-11-03', 307, 1, '7', false),
    ('2020-11-04', 308, 1, '8', true),
    ('2020-11-05', 309, 1, '9', false),
    ('2020-11-06', 310, 1, '0', true),
    ('2020-11-07', 311, 1, '1', false),
    ('2020-11-08', 312, 1, '2', true),
    ('2020-11-09', 313, 1, '3', false),
    ('2020-11-10', 314, 1, '4', true),
    ('2020-11-11', 315, 1, '5', false),
    ('2020-11-12', 316, 1, '6', true),
    ('2020-11-13', 317, 1, '7', false),
    ('2020-11-14', 318, 1, '8', true),
    ('2020-11-15', 319, 1, '9', false),
    ('2020-11-16', 320, 1, '0', true),
    ('2020-11-17', 321, 1, '1', false),
    ('2020-11-18', 322, 1, '2', true),
    ('2020-11-19', 323, 1, '3', false),
    ('2020-11-20', 324, 1, '4', true),
    ('2020-11-21', 325, 1, '5', false),
    ('2020-11-22', 326, 1, '6', true),
    ('2020-11-23', 327, 1, '7', false),
    ('2020-11-24', 328, 1, '8', true),
    ('2020-11-25', 329, 1, '9', false),
    ('2020-11-26', 330, 1, '0', true),
    ('2020-11-27', 331, 1, '1', false),
    ('2020-11-28', 332, 1, '2', true),
    ('2020-11-29', 333, 1, '3', false),
    ('2020-11-30', 334, 1, '4', true),
    ('2020-12-01', 335, 1, '5', false),
    ('2020-12-02', 336, 1, '6', true),
    ('2020-12-03', 337, 1, '7', false),
    ('2020-12-04', 338, 1, '8', true),
    ('2020-12-05', 339, 1, '9', false),
    ('2020-12-06', 340, 1, '0', true),
    ('2020-12-07', 341, 1, '1', false),
    ('2020-12-08', 342, 1, '2', true),
    ('2020-12-09', 343, 1, '3', false),
    ('2020-12-10', 344, 1, '4', true),
    ('2020-12-11', 345, 1, '5', false),
    ('2020-12-12', 346, 1, '6', true),
    ('2020-12-13', 347, 1, '7', false),
    ('2020-12-14', 348, 1, '8', true),
    ('2020-12-15', 349, 1, '9', false);

INSERT INTO fct_bookings_extended VALUES
    ('2020-12-16', 350, 1, '0', true),
    ('2020-12-17', 351, 1, '1', false),
    ('2020-12-18', 352, 1, '2', true),
    ('2020-12-19', 353, 1, '3', false),
    ('2020-12-20', 354, 1, '4', true),
    ('2020-12-21', 355, 1, '5', false),
    ('2020-12-22', 356, 1, '6', true),
    ('2020-12-23', 357, 1, '7', false),
    ('2020-12-24', 358, 1, '8', true),
    ('2020-12-25', 359, 1, '9', false),
    ('2020-12-26', 360, 1, '0', true),
    ('2020-12-27', 361, 1, '1', false),
    ('2020-12-28', 362, 1, '2', true),
    ('2020-12-29', 363, 1, '3', false),
    ('2020-12-30', 364, 1, '4', true),
    ('2020-12-31', 365, 1, '5', false);

CREATE TABLE fct_bookings_extended_monthly (
    ds DATE,
    bookings_monthly INTEGER,
    is_instant BOOLEAN,
    listing_id VARCHAR
);

INSERT INTO fct_bookings_extended_monthly VALUES
    ('2020-01-01', 10, true, '0'),
    ('2020-01-01', 5, false, '1'),
    ('2020-02-01', 10, true, '2'),
    ('2020-02-01', 5, false, '3'),
    ('2020-03-01', 10, true, '4'),
    ('2020-03-01', 5, false, '5'),
    ('2020-04-01', 10, true, '6'),
    ('2020-04-01', 5, false, '7'),
    ('2020-05-01', 10, true, '8'),
    ('2020-05-01', 5, false, '9'),
    ('2020-06-01', 10, true, '0'),
    ('2020-06-01', 5, false, '0'),
    ('2020-07-01', 10, true, '1'),
    ('2020-07-01', 5, false, '2'),
    ('2020-08-01', 10, true, '3'),
    ('2020-08-01', 5, false, '4'),
    ('2020-09-01', 10, true, '5'),
    ('2020-09-01', 5, false, '6'),
    ('2020-10-01', 10, true, '7'),
    ('2020-10-01', 5, false, '8'),
    ('2020-11-01', 10, true, '9'),
    ('2020-11-01', 5, false, '0'),
    ('2020-12-01', 10, true, '0'),
    ('2020-12-01', 5, false, '1');

